-- Part 2.2 insert.sql
--
-- Submitted by: Fareed Faisal, 1710393
-- 
-- Populate Database with data

INSERT INTO COACH
  VALUES ('Soap', 'Mactavish', '2016-10-11', '6612073521', 'M', '07207352166', 4136.47);
INSERT INTO COACH
  VALUES ('John', 'Price', '2017-01-21', '6279051210', 'M', '07905121062', 4119.11);
INSERT INTO COACH
  VALUES ('Sand', 'Man', '2016-10-14', '0113101069', 'M', '07113101069', 4151.64);
INSERT INTO COACH
  VALUES ('Ghost', 'Riley', '2016-08-15', '1416212189', 'M', '07141160815', 4184.19);

INSERT INTO COACH_IN_SHOW
  VALUES ('6612073521', '0000000001');
INSERT INTO COACH_IN_SHOW
  VALUES ('1416212189', '0000000001');
INSERT INTO COACH_IN_SHOW
  VALUES ('0113101069', '0000000001');
INSERT INTO COACH_IN_SHOW
  VALUES ('6279051210', '0000000001');
INSERT INTO COACH_IN_SHOW
  VALUES ('6612073521', '0000000002');
INSERT INTO COACH_IN_SHOW
  VALUES ('0113101069', '0000000002');
INSERT INTO COACH_IN_SHOW
  VALUES ('6279051210', '0000000002');
INSERT INTO COACH_IN_SHOW
  VALUES ('6612073521', '0000000003');
INSERT INTO COACH_IN_SHOW
  VALUES ('1287308812', '0000000003');
INSERT INTO COACH_IN_SHOW
  VALUES ('0113101069', '0000000003');
INSERT INTO COACH_IN_SHOW
  VALUES ('6279051210', '0000000003');
INSERT INTO COACH_IN_SHOW
  VALUES ('6612073521', '0000000004');
INSERT INTO COACH_IN_SHOW
  VALUES ('1287308812', '0000000004');
INSERT INTO COACH_IN_SHOW
  VALUES ('0113101069', '0000000004');
INSERT INTO COACH_IN_SHOW
  VALUES ('6279051210', '0000000004');
INSERT INTO COACH_IN_SHOW
  VALUES ('6612073521', '0000000005');
INSERT INTO COACH_IN_SHOW
  VALUES ('1287308812', '0000000005');
INSERT INTO COACH_IN_SHOW
  VALUES ('0113101069', '0000000005');
INSERT INTO COACH_IN_SHOW
  VALUES ('6279051210', '0000000005');
INSERT INTO COACH_IN_SHOW
  VALUES ('6612073521', '0000000006');
INSERT INTO COACH_IN_SHOW
  VALUES ('1287308812', '0000000006');
INSERT INTO COACH_IN_SHOW
  VALUES ('0113101069', '0000000006');
INSERT INTO COACH_IN_SHOW
  VALUES ('6279051210', '0000000006');
INSERT INTO COACH_IN_SHOW
  VALUES ('6612073521', '0000000007');
INSERT INTO COACH_IN_SHOW
  VALUES ('0113101069', '0000000007');
INSERT INTO COACH_IN_SHOW
  VALUES ('6279051210', '0000000007');
INSERT INTO COACH_IN_SHOW
  VALUES ('6612073521', '0000000008');
INSERT INTO COACH_IN_SHOW
  VALUES ('1287308812', '0000000008');
INSERT INTO COACH_IN_SHOW
  VALUES ('0113101069', '0000000008');
INSERT INTO COACH_IN_SHOW
  VALUES ('6279051210', '0000000008');
INSERT INTO COACH_IN_SHOW
  VALUES ('6612073521', '0000000009');
INSERT INTO COACH_IN_SHOW
  VALUES ('1287308812', '0000000009');
INSERT INTO COACH_IN_SHOW
  VALUES ('0113101069', '0000000009');
INSERT INTO COACH_IN_SHOW
  VALUES ('6279051210', '0000000009');
INSERT INTO COACH_IN_SHOW
  VALUES ('6612073521', '0000000010');
INSERT INTO COACH_IN_SHOW
  VALUES ('1287308812', '0000000010');
INSERT INTO COACH_IN_SHOW
  VALUES ('0113101069', '0000000010');
INSERT INTO COACH_IN_SHOW
  VALUES ('6279051210', '0000000010');
INSERT INTO COACH_IN_SHOW
  VALUES ('0113101069', '0000000011');
INSERT INTO COACH_IN_SHOW
  VALUES ('6279051210', '0000000011');
INSERT INTO COACH_IN_SHOW
  VALUES ('6612073521', '0000000012');
INSERT INTO COACH_IN_SHOW
  VALUES ('1287308812', '0000000012');
INSERT INTO COACH_IN_SHOW
  VALUES ('0113101069', '0000000012');
INSERT INTO COACH_IN_SHOW
  VALUES ('6279051210', '0000000012');
INSERT INTO COACH_IN_SHOW
  VALUES ('6612073521', '0000000013');
INSERT INTO COACH_IN_SHOW
  VALUES ('1287308812', '0000000013');
INSERT INTO COACH_IN_SHOW
  VALUES ('0113101069', '0000000013');
INSERT INTO COACH_IN_SHOW
  VALUES ('6279051210', '0000000013');
INSERT INTO COACH_IN_SHOW
  VALUES ('6612073521', '0000000014');
INSERT INTO COACH_IN_SHOW
  VALUES ('1287308812', '0000000014');
INSERT INTO COACH_IN_SHOW
  VALUES ('0113101069', '0000000014');
INSERT INTO COACH_IN_SHOW
  VALUES ('6279051210', '0000000014');
INSERT INTO COACH_IN_SHOW
  VALUES ('6612073521', '0000000015');
INSERT INTO COACH_IN_SHOW
  VALUES ('1287308812', '0000000015');
INSERT INTO COACH_IN_SHOW
  VALUES ('0113101069', '0000000015');
INSERT INTO COACH_IN_SHOW
  VALUES ('6279051210', '0000000015');
INSERT INTO COACH_IN_SHOW
  VALUES ('1287308812', '0000000016');
INSERT INTO COACH_IN_SHOW
  VALUES ('0113101069', '0000000016');
INSERT INTO COACH_IN_SHOW
  VALUES ('6279051210', '0000000016');
INSERT INTO COACH_IN_SHOW
  VALUES ('1287308812', '0000000017');
INSERT INTO COACH_IN_SHOW
  VALUES ('0113101069', '0000000017');
INSERT INTO COACH_IN_SHOW
  VALUES ('6279051210', '0000000017');
INSERT INTO COACH_IN_SHOW
  VALUES ('6612073521', '0000000018');
INSERT INTO COACH_IN_SHOW
  VALUES ('1287308812', '0000000018');
INSERT INTO COACH_IN_SHOW
  VALUES ('0113101069', '0000000018');
INSERT INTO COACH_IN_SHOW
  VALUES ('6279051210', '0000000018');

INSERT INTO CONTENDER
  VALUES ('0000000001', 'Blood Brothers', '6612073521', 'GROUP');
INSERT INTO CONTENDER
  VALUES ('0000000002', 'Dust To Dust', '6279051210', 'INDIVIDUAL');
INSERT INTO CONTENDER
  VALUES ('0000000003', 'Down The Rabbit Hole', '0113101069', 'INDIVIDUAL');
INSERT INTO CONTENDER
  VALUES ('0000000004', 'Loose Ends', '0113101069', 'INDIVIDUAL');
INSERT INTO CONTENDER
  VALUES ('0000000005', 'Endgame', '6279051210', 'INDIVIDUAL');
INSERT INTO CONTENDER
 VALUES  ('0000000006', 'Game Over', '0113101069', 'INDIVIDUAL');

INSERT INTO CONTENDER_IN_SHOW
  VALUES ('0000000001', '0000000001');
INSERT INTO CONTENDER_IN_SHOW
  VALUES ('0000000002', '0000000001');
INSERT INTO CONTENDER_IN_SHOW
  VALUES ('0000000003', '0000000001');
INSERT INTO CONTENDER_IN_SHOW
  VALUES ('0000000004', '0000000002');
INSERT INTO CONTENDER_IN_SHOW
  VALUES ('0000000005', '0000000002');
INSERT INTO CONTENDER_IN_SHOW
  VALUES ('0000000006', '0000000002');
INSERT INTO CONTENDER_IN_SHOW
  VALUES ('0000000001', '0000000003');
INSERT INTO CONTENDER_IN_SHOW
  VALUES ('0000000002', '0000000003');
INSERT INTO CONTENDER_IN_SHOW
  VALUES ('0000000003', '0000000003');
INSERT INTO CONTENDER_IN_SHOW
  VALUES ('0000000004', '0000000004');
INSERT INTO CONTENDER_IN_SHOW
  VALUES ('0000000005', '0000000004');
INSERT INTO CONTENDER_IN_SHOW
  VALUES ('0000000006', '0000000004');
INSERT INTO CONTENDER_IN_SHOW
  VALUES ('0000000001', '0000000005');
INSERT INTO CONTENDER_IN_SHOW
  VALUES ('0000000002', '0000000005');
INSERT INTO CONTENDER_IN_SHOW
  VALUES ('0000000003', '0000000005');
INSERT INTO CONTENDER_IN_SHOW
  VALUES ('0000000004', '0000000005');
INSERT INTO CONTENDER_IN_SHOW
  VALUES ('0000000004', '0000000006');
INSERT INTO CONTENDER_IN_SHOW
  VALUES ('0000000005', '0000000006');
INSERT INTO CONTENDER_IN_SHOW
  VALUES ('0000000006', '0000000006');
INSERT INTO CONTENDER_IN_SHOW
  VALUES ('0000000001', '0000000007');
INSERT INTO CONTENDER_IN_SHOW
  VALUES ('0000000002', '0000000007');
INSERT INTO CONTENDER_IN_SHOW
  VALUES ('0000000003', '0000000007');
INSERT INTO CONTENDER_IN_SHOW
  VALUES ('0000000004', '0000000007');
INSERT INTO CONTENDER_IN_SHOW
  VALUES ('0000000005', '0000000007');
INSERT INTO CONTENDER_IN_SHOW
  VALUES ('0000000006', '0000000007');
INSERT INTO CONTENDER_IN_SHOW
  VALUES ('0000000001', '0000000008');
INSERT INTO CONTENDER_IN_SHOW
  VALUES ('0000000002', '0000000008');
INSERT INTO CONTENDER_IN_SHOW
  VALUES ('0000000003', '0000000008');
INSERT INTO CONTENDER_IN_SHOW
  VALUES ('0000000004', '0000000009');
INSERT INTO CONTENDER_IN_SHOW
  VALUES ('0000000005', '0000000009');
INSERT INTO CONTENDER_IN_SHOW
  VALUES ('0000000006', '0000000009');
INSERT INTO CONTENDER_IN_SHOW
  VALUES ('0000000001', '0000000010');
INSERT INTO CONTENDER_IN_SHOW
  VALUES ('0000000002', '0000000010');
INSERT INTO CONTENDER_IN_SHOW
  VALUES ('0000000003', '0000000010');
INSERT INTO CONTENDER_IN_SHOW
  VALUES ('0000000004', '0000000011');
INSERT INTO CONTENDER_IN_SHOW
  VALUES ('0000000005', '0000000011');
INSERT INTO CONTENDER_IN_SHOW
  VALUES ('0000000006', '0000000011');
INSERT INTO CONTENDER_IN_SHOW
  VALUES ('0000000001', '0000000012');
INSERT INTO CONTENDER_IN_SHOW
  VALUES ('0000000002', '0000000012');
INSERT INTO CONTENDER_IN_SHOW
  VALUES ('0000000003', '0000000012');
INSERT INTO CONTENDER_IN_SHOW
  VALUES ('0000000004', '0000000013');
INSERT INTO CONTENDER_IN_SHOW
  VALUES ('0000000005', '0000000013');
INSERT INTO CONTENDER_IN_SHOW
  VALUES ('0000000006', '0000000013');
INSERT INTO CONTENDER_IN_SHOW
  VALUES ('0000000001', '0000000014');
INSERT INTO CONTENDER_IN_SHOW
  VALUES ('0000000002', '0000000014');
INSERT INTO CONTENDER_IN_SHOW
  VALUES ('0000000003', '0000000014');
INSERT INTO CONTENDER_IN_SHOW
  VALUES ('0000000004', '0000000015');
INSERT INTO CONTENDER_IN_SHOW
  VALUES ('0000000005', '0000000015');
INSERT INTO CONTENDER_IN_SHOW
  VALUES ('0000000006', '0000000015');
INSERT INTO CONTENDER_IN_SHOW
  VALUES ('0000000001', '0000000016');
INSERT INTO CONTENDER_IN_SHOW
  VALUES ('0000000002', '0000000016');
INSERT INTO CONTENDER_IN_SHOW
  VALUES ('0000000003', '0000000016');
INSERT INTO CONTENDER_IN_SHOW
  VALUES ('0000000004', '0000000017');
INSERT INTO CONTENDER_IN_SHOW
  VALUES ('0000000005', '0000000017');
INSERT INTO CONTENDER_IN_SHOW
  VALUES ('0000000006', '0000000017');
INSERT INTO CONTENDER_IN_SHOW
  VALUES ('0000000001', '0000000018');
INSERT INTO CONTENDER_IN_SHOW
  VALUES ('0000000002', '0000000018');
INSERT INTO CONTENDER_IN_SHOW
  VALUES ('0000000003', '0000000018');
INSERT INTO CONTENDER_IN_SHOW
  VALUES ('0000000004', '0000000018');
INSERT INTO CONTENDER_IN_SHOW
  VALUES ('0000000005', '0000000018');
INSERT INTO CONTENDER_IN_SHOW
  VALUES ('0000000006', '0000000018');

INSERT INTO PARTICIPANT
  VALUES ('Paul', 'Jackson', '2011-01-03', '0000000001', 'M', '07201101030', 211.13, '0000000003');
INSERT INTO PARTICIPANT
  VALUES ('Roach', 'Sanderson', '2016-08-16', '0000000002', 'M', '07201608160', 216.86, '0000000001');
INSERT INTO PARTICIPANT
  VALUES ('Joseph', 'Allen', '2016-08-12', '0000000003', 'M', '07201608120', 216.82, '0000000004');
INSERT INTO PARTICIPANT
  VALUES ('James', 'Ramirez', '2016-10-12', '0000000004', 'M', '07201610120', 216.02, '0000000001');
INSERT INTO PARTICIPANT
  VALUES ('Frost', 'Westbrook', '2016-10-15', '0000000005', 'M', '07201610150', 216.05, '0000000006');
INSERT INTO PARTICIPANT
  VALUES ('Vladimir', 'Makarov', '2017-01-20', '0000000006', 'M', '0720170120', 217.10, '0000000001');
INSERT INTO PARTICIPANT
  VALUES ('Khaled', 'Alasad', '2011-01-04', '0000000007', 'M', '07201101040', 211.14, '0000000001');
INSERT INTO PARTICIPANT
  VALUES ('Viktor', 'Zakhaev', '2011-01-05', '0000000008', 'M', '07201101050', 211.15, '0000000001');
INSERT INTO PARTICIPANT
  VALUES ('Imran', 'Zakhaev', '2011-01-06', '0000000009', 'M', '07201101060', 211.16, '0000000005');
INSERT INTO PARTICIPANT
  VALUES ('General', 'Shepherd', '2016-08-15', '0000000010', 'M', '07201608150', 216.85, '0000000002');

INSERT INTO TVSHOW
  VALUES ('00:00:00', '2019-01-22', '0000000001', '01:00:00');
INSERT INTO TVSHOW
  VALUES ('01:00:00', '2019-01-23', '0000000002', '02:00:00');
INSERT INTO TVSHOW
  VALUES ('02:00:00', '2019-01-24', '0000000003', '03:00:00');
INSERT INTO TVSHOW
  VALUES ('03:00:00', '2019-01-25', '0000000004', '04:00:00');
INSERT INTO TVSHOW
  VALUES ('04:00:00', '2019-01-26', '0000000005', '05:00:00');
INSERT INTO TVSHOW
  VALUES ('05:00:00', '2019-01-27', '0000000006', '06:00:00');
INSERT INTO TVSHOW
  VALUES ('06:00:00', '2019-01-28', '0000000007', '07:00:00');
INSERT INTO TVSHOW
  VALUES ('07:00:00', '2019-01-29', '0000000008', '08:00:00');
INSERT INTO TVSHOW
  VALUES ('08:00:00', '2019-01-30', '0000000009', '09:00:00');
INSERT INTO TVSHOW
  VALUES ('09:00:00', '2019-01-31', '0000000010', '10:00:00');
INSERT INTO TVSHOW
  VALUES ('11:00:00', '2019-02-01', '0000000011', '12:00:00');
INSERT INTO TVSHOW
  VALUES ('12:00:00', '2019-02-02', '0000000012', '13:00:00');
INSERT INTO TVSHOW
  VALUES ('13:00:00', '2019-02-03', '0000000013', '14:00:00');
INSERT INTO TVSHOW
  VALUES ('14:00:00', '2019-02-04', '0000000014', '15:00:00');
INSERT INTO TVSHOW
  VALUES ('15:00:00', '2019-02-05', '0000000015', '16:00:00');
INSERT INTO TVSHOW
  VALUES ('16:00:00', '2019-02-06', '0000000016', '17:00:00');
INSERT INTO TVSHOW
  VALUES ('17:00:00', '2019-02-07', '0000000017', '18:00:00');
INSERT INTO TVSHOW
  VALUES ('18:00:00', '2019-02-08', '0000000018', '19:00:00');